Company Name,Exchange:Ticker,Geographic Locations,Primary Industry,Distress_Probability
"Kennedy-Wilson Holdings, Inc. (NYSE:KW)",NYSE:KW,United States and Canada (Primary),Real Estate Operating Companies,0.9729592449723634
Apartment Investment and Management Company (NYSE:AIV),NYSE:AIV,United States and Canada (Primary),Multi-Family Residential REITs,0.9410476604041106
"NexPoint Residential Trust, Inc. (NYSE:NXRT)",NYSE:NXRT,United States and Canada (Primary),Multi-Family Residential REITs,0.9387124191311524
"Hines Global Income Trust, Inc. (MutualFund:ZHGI.DX)",MutualFund:ZHGI.DX,United States and Canada (Primary),Diversified REITs,0.9329371755613521
StorageVault Canada Inc. (TSX:SVI),TSX:SVI,United States and Canada (Primary),Real Estate Operating Companies,0.9242736292641475
"Veris Residential, Inc. (NYSE:VRE)",NYSE:VRE,United States and Canada (Primary),Multi-Family Residential REITs,0.8936776546958661
Acadia Realty Trust (NYSE:AKR),NYSE:AKR,United States and Canada (Primary),Retail REITs,0.8880475328955757
"Lineage, Inc. (NasdaqGS:LINE)",NasdaqGS:LINE,United States and Canada (Primary),Industrial REITs,0.8678465096363078
Centerspace (NYSE:CSR),NYSE:CSR,United States and Canada (Primary),Multi-Family Residential REITs,0.8240682209101797
"American Healthcare REIT, Inc. (NYSE:AHR)",NYSE:AHR,United States and Canada (Primary),Health Care REITs,0.8102611085545439
"SmartStop Self Storage REIT, Inc. (NYSE:SMA)",NYSE:SMA,United States and Canada (Primary),Self-Storage REITs,0.8097103990601509
"JLL Income Property Trust, Inc. (MutualFund:ZIPT.MX)",MutualFund:ZIPT.MX,United States and Canada (Primary),Diversified REITs,0.7946246946181272
JBG SMITH Properties (NYSE:JBGS),NYSE:JBGS,United States and Canada (Primary),Office REITs,0.7934401154816183
Gladstone Land Corporation (NasdaqGM:LAND),NasdaqGM:LAND,United States and Canada (Primary),Other Specialized REITs,0.6871632384162826
Kite Realty Group Trust (NYSE:KRG),NYSE:KRG,United States and Canada (Primary),Retail REITs,0.6859292856014034
"Hanwha REIT Co., Ltd. (KOSE:A451800)",KOSE:A451800,"Korea, South (Primary)",Office REITs,0.6540791861533173
InvenTrust Properties Corp. (NYSE:IVT),NYSE:IVT,United States and Canada (Primary),Retail REITs,0.652195381329933
Brandywine Realty Trust (NYSE:BDN),NYSE:BDN,United States and Canada (Primary),Office REITs,0.6408855789715362
LandBridge Company LLC (NYSE:LB),NYSE:LB,United States and Canada (Primary),Real Estate Operating Companies,0.6312959899202762
"CTO Realty Growth, Inc. (NYSE:CTO)",NYSE:CTO,United States and Canada (Primary),Diversified REITs,0.6147341332656977
Diversified Healthcare Trust (NasdaqGS:DHC),NasdaqGS:DHC,United States and Canada (Primary),Health Care REITs,0.612258013815472
"SK Reits Co., Ltd. (KOSE:A395400)",KOSE:A395400,"Korea, South (Primary)",Diversified REITs,0.600924086423222
Dar Global PLC (LSE:DAR),LSE:DAR,United Kingdom (Primary),Real Estate Development,0.5918100572751483
The Macerich Company (NYSE:MAC),NYSE:MAC,United States and Canada (Primary),Retail REITs,0.5690127638547
"ESR Kendall Square REIT Co., Ltd. (KOSE:A365550)",KOSE:A365550,"Korea, South (Primary)",Industrial REITs,0.5628200356917583
SL Green Realty Corp. (NYSE:SLG),NYSE:SLG,United States and Canada (Primary),Office REITs,0.5625703048777025
"CBL & Associates Properties, Inc. (NYSE:CBL)",NYSE:CBL,United States and Canada (Primary),Retail REITs,0.549950590751637
Shaftesbury Capital PLC (LSE:SHC),LSE:SHC,United Kingdom (Primary),Diversified REITs,0.5492271210301235
Forestar Group Inc. (NYSE:FOR),NYSE:FOR,United States and Canada (Primary),Real Estate Development,0.5434076612772519
Invitation Homes Inc. (NYSE:INVH),NYSE:INVH,United States and Canada (Primary),Single-Family Residential REITs,0.5386635398179831
"UMH Properties, Inc. (NYSE:UMH)",NYSE:UMH,United States and Canada (Primary),Single-Family Residential REITs,0.5384392871473273
NETSTREIT Corp. (NYSE:NTST),NYSE:NTST,United States and Canada (Primary),Retail REITs,0.5345011075361431
Pebblebrook Hotel Trust (NYSE:PEB),NYSE:PEB,United States and Canada (Primary),Hotel and Resort REITs,0.516608891336489
"Phillips Edison & Company, Inc. (NasdaqGS:PECO)",NasdaqGS:PECO,United States and Canada (Primary),Retail REITs,0.512484307433541
"Postal Realty Trust, Inc. (NYSE:PSTL)",NYSE:PSTL,United States and Canada (Primary),Office REITs,0.508286328072853
Healthcare Realty Trust Incorporated (NYSE:HR),NYSE:HR,United States and Canada (Primary),Health Care REITs,0.49980205697911717
Peakstone Realty Trust (NYSE:PKST),NYSE:PKST,United States and Canada (Primary),Office REITs,0.4975582468462517
Harworth Group plc (LSE:HWG),LSE:HWG,United Kingdom (Primary),Real Estate Development,0.49490800348991704
"Americold Realty Trust, Inc. (NYSE:COLD)",NYSE:COLD,United States and Canada (Primary),Industrial REITs,0.4590126231535014
LXP Industrial Trust (NYSE:LXP),NYSE:LXP,United States and Canada (Primary),Industrial REITs,0.4429431689886876
Vornado Realty Trust (NYSE:VNO),NYSE:VNO,United States and Canada (Primary),Office REITs,0.4291548100286541
"Independence Realty Trust, Inc. (NYSE:IRT)",NYSE:IRT,United States and Canada (Primary),Multi-Family Residential REITs,0.42675988455390146
"Piedmont Realty Trust, Inc. (NYSE:PDM)",NYSE:PDM,United States and Canada (Primary),Office REITs,0.4252926561028462
"Douglas Emmett, Inc. (NYSE:DEI)",NYSE:DEI,United States and Canada (Primary),Office REITs,0.4248949974046002
"Global Net Lease, Inc. (NYSE:GNL)",NYSE:GNL,United States and Canada (Primary),Diversified REITs,0.4191973858211421
"Xenia Hotels & Resorts, Inc. (NYSE:XHR)",NYSE:XHR,United States and Canada (Primary),Hotel and Resort REITs,0.40594085919096506
"Easterly Government Properties, Inc. (NYSE:DEA)",NYSE:DEA,United States and Canada (Primary),Office REITs,0.3871608559377445
Leopalace21 Corporation (TSE:8848),TSE:8848,Japan (Primary),Real Estate Operating Companies,0.3816341224333097
"Healthpeak Properties, Inc. (NYSE:DOC)",NYSE:DOC,United States and Canada (Primary),Health Care REITs,0.3805202717810317
"Sunstone Hotel Investors, Inc. (NYSE:SHO)",NYSE:SHO,United States and Canada (Primary),Hotel and Resort REITs,0.3792421929296278
Dream Unlimited Corp. (TSX:DRM),TSX:DRM,United States and Canada (Primary),Real Estate Development,0.3710585608421813
Farmland Partners Inc. (NYSE:FPI),NYSE:FPI,United States and Canada (Primary),Other Specialized REITs,0.3684820539004311
"Host Hotels & Resorts, Inc. (NasdaqGS:HST)",NasdaqGS:HST,United States and Canada (Primary),Hotel and Resort REITs,0.3632730255009071
"CIM Real Estate Finance Trust, Inc. (OTCPK:CMRF)",OTCPK:CMRF,United States and Canada (Primary),Retail REITs,0.36280063039831056
Park Hotels & Resorts Inc. (NYSE:PK),NYSE:PK,United States and Canada (Primary),Hotel and Resort REITs,0.3596440969420815
DiamondRock Hospitality Company (NasdaqGS:DRH),NasdaqGS:DRH,United States and Canada (Primary),Hotel and Resort REITs,0.34787580912615435
"Ryman Hospitality Properties, Inc. (NYSE:RHP)",NYSE:RHP,United States and Canada (Primary),Hotel and Resort REITs,0.3432082874611756
"UDR, Inc. (NYSE:UDR)",NYSE:UDR,United States and Canada (Primary),Multi-Family Residential REITs,0.34050983588448996
"Empire State Realty Trust, Inc. (NYSE:ESRT)",NYSE:ESRT,United States and Canada (Primary),Office REITs,0.33528889122810457
RLJ Lodging Trust (NYSE:RLJ),NYSE:RLJ,United States and Canada (Primary),Hotel and Resort REITs,0.3239277171015036
DEXUS (ASX:DXS),ASX:DXS,Australia (Primary),Office REITs,0.316590266151165
"Medical Properties Trust, Inc. (NYSE:MPT)",NYSE:MPT,United States and Canada (Primary),Health Care REITs,0.31546427450942643
VICI Properties Inc. (NYSE:VICI),NYSE:VICI,United States and Canada (Primary),Other Specialized REITs,0.31376967675092793
"STAG Industrial, Inc. (NYSE:STAG)",NYSE:STAG,United States and Canada (Primary),Industrial REITs,0.31050110505340156
Howard Hughes Holdings Inc. (NYSE:HHH),NYSE:HHH,United States and Canada (Primary),Real Estate Development,0.3095745161656715
Weyerhaeuser Company (NYSE:WY),NYSE:WY,United States and Canada (Primary),Timber REITs,0.2938149532654305
Goodman Group (ASX:GMG),ASX:GMG,Australia (Primary),Industrial REITs,0.28961139839835237
American Homes 4 Rent (NYSE:AMH),NYSE:AMH,United States and Canada (Primary),Single-Family Residential REITs,0.28947648632100914
"Empire State Realty OP, L.P. (ARCA:ESBA)",ARCA:ESBA,United States and Canada (Primary),Diversified REITs,0.28392963505653335
Charter Hall Group (ASX:CHC),ASX:CHC,Australia (Primary),Diversified REITs,0.2786117991647335
OUTFRONT Media Inc. (NYSE:OUT),NYSE:OUT,United States and Canada (Primary),Other Specialized REITs,0.2741537838214274
"Alexander & Baldwin, Inc. (NYSE:ALEX)",NYSE:ALEX,United States and Canada (Primary),Diversified REITs,0.2718191755239164
"Sila Realty Trust, Inc. (NYSE:SILA)",NYSE:SILA,United States and Canada (Primary),Health Care REITs,0.26684377470961634
TLG Immobilien AG (HMSE:TLG),HMSE:TLG,Germany (Primary),Real Estate Operating Companies,0.2637137554081819
Gladstone Commercial Corporation (NasdaqGS:GOOD),NasdaqGS:GOOD,United States and Canada (Primary),Diversified REITs,0.26360917296961495
"National Health Investors, Inc. (NYSE:NHI)",NYSE:NHI,United States and Canada (Primary),Health Care REITs,0.2624509332577885
Whitestone REIT (NYSE:WSR),NYSE:WSR,United States and Canada (Primary),Retail REITs,0.2466848641831893
Urban Edge Properties (NYSE:UE),NYSE:UE,United States and Canada (Primary),Retail REITs,0.24539478718980315
Charter Hall Long WALE REIT (ASX:CLW),ASX:CLW,Australia (Primary),Diversified REITs,0.24499199321402443
Great Portland Estates Plc (LSE:GPE),LSE:GPE,United Kingdom (Primary),Office REITs,0.23977532875140115
"KATITAS CO., Ltd. (TSE:8919)",TSE:8919,Japan (Primary),Real Estate Development,0.23536923106639
SBA Communications Corporation (NasdaqGS:SBAC),NasdaqGS:SBAC,United States and Canada (Primary),Telecom Tower REITs,0.23488556125074841
"Four Corners Property Trust, Inc. (NYSE:FCPT)",NYSE:FCPT,United States and Canada (Primary),Other Specialized REITs,0.23459569394205823
GAG Immobilien AG (HMSE:GWK3),HMSE:GWK3,Germany (Primary),Real Estate Operating Companies,0.2328559742323419
Welltower Inc. (NYSE:WELL),NYSE:WELL,United States and Canada (Primary),Health Care REITs,0.23035160980675626
EPR Properties (NYSE:EPR),NYSE:EPR,United States and Canada (Primary),Other Specialized REITs,0.22844871957420837
Safehold Inc. (NYSE:SAFE),NYSE:SAFE,United States and Canada (Primary),Other Specialized REITs,0.22445960303829665
"Innovative Industrial Properties, Inc. (NYSE:IIPR)",NYSE:IIPR,United States and Canada (Primary),Industrial REITs,0.22390295437473307
"Sabra Health Care REIT, Inc. (NasdaqGS:SBRA)",NasdaqGS:SBRA,United States and Canada (Primary),Health Care REITs,0.21565063271277563
"GOLDCREST Co.,Ltd. (TSE:8871)",TSE:8871,Japan (Primary),Real Estate Development,0.21445437115620244
"LTC Properties, Inc. (NYSE:LTC)",NYSE:LTC,United States and Canada (Primary),Health Care REITs,0.21302992077821417
Cedar Woods Properties Limited (ASX:CWP),ASX:CWP,Australia (Primary),Real Estate Development,0.20750877896255565
"TOC Co., Ltd. (TSE:8841)",TSE:8841,Japan (Primary),Real Estate Operating Companies,0.20600432805202637
"Apple Hospitality REIT, Inc. (NYSE:APLE)",NYSE:APLE,United States and Canada (Primary),Hotel and Resort REITs,0.20191329394368324
"Digital Realty Trust, Inc. (NYSE:DLR)",NYSE:DLR,United States and Canada (Primary),Data Center REITs,0.19715977965668216
"LOTTE REIT Co., Ltd. (KOSE:A330590)",KOSE:A330590,"Korea, South (Primary)",Retail REITs,0.19554771819151143
Abacus Group (ASX:ABG),ASX:ABG,Australia (Primary),Office REITs,0.19506757942094408
"Kasumigaseki Capital Co.,Ltd. (TSE:3498)",TSE:3498,Japan (Primary),Real Estate Development,0.1950498940896543
Iron Mountain Incorporated (NYSE:IRM),NYSE:IRM,United States and Canada (Primary),Other Specialized REITs,0.19498801252807735
Hammerson Plc (LSE:HMSO),LSE:HMSO,United Kingdom (Primary),Retail REITs,0.1849271861667881
Cousins Properties Incorporated (NYSE:CUZ),NYSE:CUZ,United States and Canada (Primary),Office REITs,0.183782252691245
Choice Properties Real Estate Investment Trust (TSX:CHP.UN),TSX:CHP.UN,United States and Canada (Primary),Retail REITs,0.17847345275415538
Deutsche Wohnen SE (XTRA:DWNI),XTRA:DWNI,Germany (Primary),Real Estate Operating Companies,0.1748061981205165
"Alexander's, Inc. (NYSE:ALX)",NYSE:ALX,United States and Canada (Primary),Retail REITs,0.17315288672472234
"Ventas, Inc. (NYSE:VTR)",NYSE:VTR,United States and Canada (Primary),Health Care REITs,0.17186356352494406
Aspen Group (ASX:APZ),ASX:APZ,Australia (Primary),Diversified REITs,0.15570073541728371
Invincible Investment Corporation (TSE:8963),TSE:8963,Japan (Primary),Hotel and Resort REITs,0.15341331118606752
"Rexford Industrial Realty, Inc. (NYSE:REXR)",NYSE:REXR,United States and Canada (Primary),Industrial REITs,0.15333926358758548
Rayonier Inc. (NYSE:RYN),NYSE:RYN,United States and Canada (Primary),Timber REITs,0.1518290280799419
GemLife Communities Group (ASX:GLF),ASX:GLF,Australia (Primary),Real Estate Development,0.1479571716217406
"Sun Communities, Inc. (NYSE:SUI)",NYSE:SUI,United States and Canada (Primary),Single-Family Residential REITs,0.14683405943943623
Centuria Capital Group (ASX:CNI),ASX:CNI,Australia (Primary),Diversified REITs,0.1461688099184051
Tanger Inc. (NYSE:SKT),NYSE:SKT,United States and Canada (Primary),Retail REITs,0.1363598109790344
"Essential Properties Realty Trust, Inc. (NYSE:EPRT)",NYSE:EPRT,United States and Canada (Primary),Diversified REITs,0.13472730309881142
"Omega Healthcare Investors, Inc. (NYSE:OHI)",NYSE:OHI,United States and Canada (Primary),Health Care REITs,0.1325462887281392
Mirvac Group (ASX:MGR),ASX:MGR,Australia (Primary),Diversified REITs,0.13171803215568104
COPT Defense Properties (NYSE:CDP),NYSE:CDP,United States and Canada (Primary),Office REITs,0.12967572516939815
Grainger plc (LSE:GRI),LSE:GRI,United Kingdom (Primary),Multi-Family Residential REITs,0.12831833438621426
"Equinix, Inc. (NasdaqGS:EQIX)",NasdaqGS:EQIX,United States and Canada (Primary),Data Center REITs,0.12816240953666383
Ichigo Inc. (TSE:2337),TSE:2337,Japan (Primary),Real Estate Operating Companies,0.12644453422137364
GSW Immobilien AG (HMSE:GIB),HMSE:GIB,Germany (Primary),Real Estate Operating Companies,0.12349578750500904
Peet Limited (ASX:PPC),ASX:PPC,Australia (Primary),Real Estate Development,0.1225368818791412
Kimco Realty Corporation (NYSE:KIM),NYSE:KIM,United States and Canada (Primary),Retail REITs,0.12224869849423156
W. P. Carey Inc. (NYSE:WPC),NYSE:WPC,United States and Canada (Primary),Diversified REITs,0.12162497786634721
"Gaming and Leisure Properties, Inc. (NasdaqGS:GLPI)",NasdaqGS:GLPI,United States and Canada (Primary),Other Specialized REITs,0.11617328687354311
Slate Grocery REIT (TSX:SGR.UN),TSX:SGR.UN,United States and Canada (Primary),Retail REITs,0.11559911724218537
SEGRO Plc (LSE:SGRO),LSE:SGRO,United Kingdom (Primary),Industrial REITs,0.11419849617022253
Vonovia SE (XTRA:VNA),XTRA:VNA,Germany (Primary),Real Estate Operating Companies,0.11279568875472248
Cromwell Property Group (ASX:CMW),ASX:CMW,Australia (Primary),Office REITs,0.11264891411186259
"CareTrust REIT, Inc. (NYSE:CTRE)",NYSE:CTRE,United States and Canada (Primary),Health Care REITs,0.11201935850656755
Rural Funds Group (ASX:RFF),ASX:RFF,Australia (Primary),Other Specialized REITs,0.11134968599433877
Abacus Storage King (ASX:ASK),ASX:ASK,Australia (Primary),Self-Storage REITs,0.1083812067071704
"American Assets Trust, Inc. (NYSE:AAT)",NYSE:AAT,United States and Canada (Primary),Diversified REITs,0.10819328349053363
Picton Property Income Limited (LSE:PCTN),LSE:PCTN,United Kingdom (Primary),Diversified REITs,0.10613486454153642
Tosei Corporation (TSE:8923),TSE:8923,Japan (Primary),Real Estate Development,0.10580965686022367
Public Storage (NYSE:PSA),NYSE:PSA,United States and Canada (Primary),Self-Storage REITs,0.10547333188124226
"EastGroup Properties, Inc. (NYSE:EGP)",NYSE:EGP,United States and Canada (Primary),Industrial REITs,0.10491216353344575
"NNN REIT, Inc. (NYSE:NNN)",NYSE:NNN,United States and Canada (Primary),Retail REITs,0.10451686158820879
"Broadstone Net Lease, Inc. (NYSE:BNL)",NYSE:BNL,United States and Canada (Primary),Diversified REITs,0.10392627724936983
National Storage Affiliates Trust (NYSE:NSA),NYSE:NSA,United States and Canada (Primary),Self-Storage REITs,0.10267977721959157
NorthWest Healthcare Properties Real Estate Investment Trust (TSX:VITL.UN),TSX:NWH.UN,United States and Canada (Primary),Health Care REITs,0.10228705424351721
Equity Residential (NYSE:EQR),NYSE:EQR,United States and Canada (Primary),Multi-Family Residential REITs,0.09837121108992052
Target Healthcare REIT PLC (LSE:THRL),LSE:THRL,United Kingdom (Primary),Health Care REITs,0.09714423248726481
"Saul Centers, Inc. (NYSE:BFS)",NYSE:BFS,United States and Canada (Primary),Retail REITs,0.09206772725630569
Global One Real Estate Investment Corp. (TSE:8958),TSE:8958,Japan (Primary),Office REITs,0.08940036725935906
"Hulic Co., Ltd. (TSE:3003)",TSE:3003,Japan (Primary),Real Estate Operating Companies,0.08923168646873865
Primaris Real Estate Investment Trust (TSX:PMZ.UN),TSX:PMZ.UN,United States and Canada (Primary),Retail REITs,0.08813621479653116
"BXP, Inc. (NYSE:BXP)",NYSE:BXP,United States and Canada (Primary),Office REITs,0.0881111575739629
Regency Centers Corporation (NasdaqGS:REG),NasdaqGS:REG,United States and Canada (Primary),Retail REITs,0.08541788000172837
Extra Space Storage Inc. (NYSE:EXR),NYSE:EXR,United States and Canada (Primary),Self-Storage REITs,0.08495107834235799
Sedlmayr Grund und Immobilien AG (DB:SPB),DB:SPB,Germany (Primary),Real Estate Operating Companies,0.08469427072107129
Charter Hall Retail REIT (ASX:CQR),ASX:CQR,Australia (Primary),Retail REITs,0.08425224759539734
Supermarket Income REIT plc (LSE:SUPR),LSE:SUPR,United Kingdom (Primary),Retail REITs,0.08407739138586104
"CRE Logistics REIT, Inc. (TSE:3487)",TSE:3487,Japan (Primary),Industrial REITs,0.080371117904987
Getty Realty Corp. (NYSE:GTY),NYSE:GTY,United States and Canada (Primary),Retail REITs,0.07988383540961279
Derwent London Plc (LSE:DLN),LSE:DLN,United Kingdom (Primary),Office REITs,0.07699975793836852
Waypoint REIT (ASX:WPR),ASX:WPR,Australia (Primary),Retail REITs,0.07621623225125525
"One Liberty Properties, Inc. (NYSE:OLP)",NYSE:OLP,United States and Canada (Primary),Industrial REITs,0.07579174658317425
Mainstreet Equity Corp. (TSX:MEQ),TSX:MEQ,United States and Canada (Primary),Real Estate Operating Companies,0.07478602725648216
"First Industrial Realty Trust, Inc. (NYSE:FR)",NYSE:FR,United States and Canada (Primary),Industrial REITs,0.07403852240740262
Crown Castle Inc. (NYSE:CCI),NYSE:CCI,United States and Canada (Primary),Telecom Tower REITs,0.07348993121193384
Terreno Realty Corporation (NYSE:TRNO),NYSE:TRNO,United States and Canada (Primary),Industrial REITs,0.07189036145430011
Allied Properties Real Estate Investment Trust (TSX:AP.UN),TSX:AP.UN,United States and Canada (Primary),Office REITs,0.07147334539857599
"Highwoods Properties, Inc. (NYSE:HIW)",NYSE:HIW,United States and Canada (Primary),Office REITs,0.07118456273779034
Curbline Properties Corp. (NYSE:CURB),NYSE:CURB,United States and Canada (Primary),Retail REITs,0.0709290189172972
Land Securities Group Plc (LSE:LAND),LSE:LAND,United Kingdom (Primary),Diversified REITs,0.07045077017352817
"Alexandria Real Estate Equities, Inc. (NYSE:ARE)",NYSE:ARE,United States and Canada (Primary),Health Care REITs,0.06985367162087294
Crombie Real Estate Investment Trust (TSX:CRR.UN),TSX:CRR.UN,United States and Canada (Primary),Retail REITs,0.06947967621919002
Japan Hotel REIT Investment Corporation (TSE:8985),TSE:8985,Japan (Primary),Hotel and Resort REITs,0.06929094438000163
InterRent Real Estate Investment Trust (TSX:IIP.UN),TSX:IIP.UN,United States and Canada (Primary),Multi-Family Residential REITs,0.06678763569819661
Deutsche EuroShop AG (XTRA:DEQ),XTRA:DEQ,Germany (Primary),Real Estate Operating Companies,0.06641734174419003
Universal Health Realty Income Trust (NYSE:UHT),NYSE:UHT,United States and Canada (Primary),Health Care REITs,0.06493938790146662
TAG Immobilien AG (XTRA:TEG),XTRA:TEG,Germany (Primary),Real Estate Operating Companies,0.06208575564904835
"Simon Property Group, Inc. (NYSE:SPG)",NYSE:SPG,United States and Canada (Primary),Retail REITs,0.06115620229260219
Lamar Advertising Company (NasdaqGS:LAMR),NasdaqGS:LAMR,United States and Canada (Primary),Other Specialized REITs,0.06033826928442655
Unite Group PLC (LSE:UTG),LSE:UTG,United Kingdom (Primary),Multi-Family Residential REITs,0.059468811350190054
BWP Trust (ASX:BWP),ASX:BWP,Australia (Primary),Retail REITs,0.05940810526692667
Dexus Industria REIT (ASX:DXI),ASX:DXI,Australia (Primary),Industrial REITs,0.05902057589056449
Workspace Group Plc (LSE:WKP),LSE:WKP,United Kingdom (Primary),Office REITs,0.05847460353396581
Charter Hall Social Infrastructure REIT (ASX:CQE),ASX:CQE,Australia (Primary),Other Specialized REITs,0.058455936702604905
H&R Real Estate Investment Trust (TSX:HR.UN),TSX:HR.UN,United States and Canada (Primary),Diversified REITs,0.058119232488323326
HomeCo Daily Needs REIT (ASX:HDN),ASX:HDN,Australia (Primary),Retail REITs,0.05767546766086611
LaSalle LOGIPORT REIT (TSE:3466),TSE:3466,Japan (Primary),Industrial REITs,0.05755123985569808
Frontier Real Estate Investment Corporation (TSE:8964),TSE:8964,Japan (Primary),Retail REITs,0.05663047321680113
American Tower Corporation (NYSE:AMT),NYSE:AMT,United States and Canada (Primary),Telecom Tower REITs,0.05576592506337019
Arena REIT (ASX:ARF),ASX:ARF,Australia (Primary),Other Specialized REITs,0.05563447135496371
"MORI TRUST REIT, Inc. (TSE:8961)",TSE:8961,Japan (Primary),Diversified REITs,0.053496126580079725
"Equity LifeStyle Properties, Inc. (NYSE:ELS)",NYSE:ELS,United States and Canada (Primary),Single-Family Residential REITs,0.05348255469087394
"Japan Excellent, Inc. (TSE:8987)",TSE:8987,Japan (Primary),Office REITs,0.053047402916202746
Realty Income Corporation (NYSE:O),NYSE:O,United States and Canada (Primary),Retail REITs,0.05303651101048704
Granite Real Estate Investment Trust (TSX:GRT.UN),TSX:GRT.UN,United States and Canada (Primary),Industrial REITs,0.05297305656699379
British Land Company PLC (LSE:BLND),LSE:BLND,United Kingdom (Primary),Diversified REITs,0.05267487432164168
Ingenia Communities Group (ASX:INA),ASX:INA,Australia (Primary),Multi-Family Residential REITs,0.05266112508973386
"Hoshino Resorts REIT, Inc. (TSE:3287)",TSE:3287,Japan (Primary),Hotel and Resort REITs,0.052552961794722616
Dream Industrial Real Estate Investment Trust (TSX:DIR.UN),TSX:DIR.UN,United States and Canada (Primary),Industrial REITs,0.05252058114028859
Ichigo Office REIT Investment Corporation (TSE:8975),TSE:8975,Japan (Primary),Office REITs,0.05246999686012461
Camden Property Trust (NYSE:CPT),NYSE:CPT,United States and Canada (Primary),Multi-Family Residential REITs,0.05244973967481611
Brixmor Property Group Inc. (NYSE:BRX),NYSE:BRX,United States and Canada (Primary),Retail REITs,0.052447180173073885
Vicinity Centres (ASX:VCX),ASX:VCX,Australia (Primary),Retail REITs,0.05184033772018446
"Japan Logistics Fund, Inc. (TSE:8967)",TSE:8967,Japan (Primary),Industrial REITs,0.051757671337553615
"Essex Property Trust, Inc. (NYSE:ESS)",NYSE:ESS,United States and Canada (Primary),Multi-Family Residential REITs,0.051666880734822465
Federal Realty Investment Trust (NYSE:FRT),NYSE:FRT,United States and Canada (Primary),Retail REITs,0.051633943315222516
Kilroy Realty Corporation (NYSE:KRC),NYSE:KRC,United States and Canada (Primary),Office REITs,0.050590927445094566
Stockland (ASX:SGP),ASX:SGP,Australia (Primary),Diversified REITs,0.05020291056464393
Morguard Corporation (TSX:MRC),TSX:MRC,United States and Canada (Primary),Real Estate Operating Companies,0.049245301802525794
MIRAI Corporation (TSE:3476),TSE:3476,Japan (Primary),Diversified REITs,0.04913689905946361
"Sekisui House Reit, Inc. (TSE:3309)",TSE:3309,Japan (Primary),Diversified REITs,0.04903346790154071
Mitsubishi Estate Logistics REIT Investment Corporation (TSE:3481),TSE:3481,Japan (Primary),Industrial REITs,0.04805011102515344
LEG Immobilien SE (XTRA:LEG),XTRA:LEG,Germany (Primary),Real Estate Operating Companies,0.04655741471331552
MIRARTH Real Estate Investment Corporation (TSE:3492),TSE:3492,Japan (Primary),Diversified REITs,0.044012696056699385
"Nomura Real Estate Master Fund, Inc. (TSE:3462)",TSE:3462,Japan (Primary),Diversified REITs,0.043666130322296215
"Tokyu REIT, Inc. (TSE:8957)",TSE:8957,Japan (Primary),Office REITs,0.04239766977659799
Mitsui Fudosan Logistics Park Inc. (TSE:3471),TSE:3471,Japan (Primary),Industrial REITs,0.041942391013548
Custodian Property Income REIT plc (LSE:CREI),LSE:CREI,United Kingdom (Primary),Diversified REITs,0.041056200064382514
LondonMetric Property Plc (LSE:LMP),LSE:LMP,United Kingdom (Primary),Industrial REITs,0.04099373999290358
Samty Residential Investment Corporation (TSE:3459),TSE:3459,Japan (Primary),Multi-Family Residential REITs,0.03996301005087767
Daiwa Office Investment Corporation (TSE:8976),TSE:8976,Japan (Primary),Office REITs,0.03966518800089645
"Prologis, Inc. (NYSE:PLD)",NYSE:PLD,United States and Canada (Primary),Industrial REITs,0.039292746753421676
"Mid-America Apartment Communities, Inc. (NYSE:MAA)",NYSE:MAA,United States and Canada (Primary),Multi-Family Residential REITs,0.03877869311226929
"SOSiLA Logistics REIT, Inc. (TSE:2979)",TSE:2979,Japan (Primary),Industrial REITs,0.03723336314266794
Growthpoint Properties Australia (ASX:GOZ),ASX:GOZ,Australia (Primary),Diversified REITs,0.03661149954347601
Tritax Big Box REIT plc (LSE:BBOX),LSE:BBOX,United Kingdom (Primary),Industrial REITs,0.036461862708242296
Daiwa Securities Living Investment Corporation (TSE:8986),TSE:8986,Japan (Primary),Multi-Family Residential REITs,0.036459926905556585
Industrial & Infrastructure Fund Investment Corporation (TSE:3249),TSE:3249,Japan (Primary),Industrial REITs,0.03527316239162519
CubeSmart (NYSE:CUBE),NYSE:CUBE,United States and Canada (Primary),Self-Storage REITs,0.03453714663545927
Primary Health Properties Plc (LSE:PHP),LSE:PHP,United Kingdom (Primary),Health Care REITs,0.03409701822467281
Daiwa House REIT Investment Corporation (TSE:8984),TSE:8984,Japan (Primary),Diversified REITs,0.033602429704383895
NIPPON REIT Investment Corporation (TSE:3296),TSE:3296,Japan (Primary),Office REITs,0.03219627001880604
Boardwalk Real Estate Investment Trust (TSX:BEI.UN),TSX:BEI.UN,United States and Canada (Primary),Multi-Family Residential REITs,0.03206959847805437
Scentre Group (ASX:SCG),ASX:SCG,Australia (Primary),Retail REITs,0.03089008938355541
The GPT Group (ASX:GPT),ASX:GPT,Australia (Primary),Diversified REITs,0.030877723794273716
"Comforia Residential REIT, Inc (TSE:3282)",TSE:3282,Japan (Primary),Multi-Family Residential REITs,0.02973679493460244
Region Group (ASX:RGN),ASX:RGN,Australia (Primary),Retail REITs,0.029560282163482787
National Storage REIT (ASX:NSR),ASX:NSR,Australia (Primary),Self-Storage REITs,0.02873805945933648
SmartCentres Real Estate Investment Trust (TSX:SRU.UN),TSX:SRU.UN,United States and Canada (Primary),Retail REITs,0.028158729492270294
United Urban Investment Corporation (TSE:8960),TSE:8960,Japan (Primary),Diversified REITs,0.027874472571191494
Safestore Holdings Plc (LSE:SAFE),LSE:SAFE,United Kingdom (Primary),Self-Storage REITs,0.027869813724026117
CT Real Estate Investment Trust (TSX:CRT.UN),TSX:CRT.UN,United States and Canada (Primary),Retail REITs,0.02622201050223224
Big Yellow Group Plc (LSE:BYG),LSE:BYG,United Kingdom (Primary),Self-Storage REITs,0.025936757553328405
Canadian Apartment Properties Real Estate Investment Trust (TSX:CAR.UN),TSX:CAR.UN,United States and Canada (Primary),Multi-Family Residential REITs,0.02593095743117475
"Keihanshin Building Co., Ltd. (TSE:8818)",TSE:8818,Japan (Primary),Real Estate Operating Companies,0.02555784099145931
Japan Prime Realty Investment Corporation (TSE:8955),TSE:8955,Japan (Primary),Office REITs,0.02418724723909779
Agree Realty Corporation (NYSE:ADC),NYSE:ADC,United States and Canada (Primary),Retail REITs,0.02370843834874739
"Hankyu Hanshin REIT, Inc. (TSE:8977)",TSE:8977,Japan (Primary),Diversified REITs,0.02354546767657999
Centuria Industrial REIT (ASX:CIP),ASX:CIP,Australia (Primary),Industrial REITs,0.0232238091689138
Nippon Building Fund Inc. (TSE:8951),TSE:8951,Japan (Primary),Office REITs,0.02316067038681332
AEON REIT Investment Corporation (TSE:3292),TSE:3292,Japan (Primary),Retail REITs,0.023124506912170148
First Capital Real Estate Investment Trust (TSX:FCR.UN),TSX:FCR.UN,United States and Canada (Primary),Retail REITs,0.022976320547321887
Star Asia Investment Corporation (TSE:3468),TSE:3468,Japan (Primary),Diversified REITs,0.02202877162231278
"AvalonBay Communities, Inc. (NYSE:AVB)",NYSE:AVB,United States and Canada (Primary),Multi-Family Residential REITs,0.021889829174428627
ORIX JREIT Inc. (TSE:8954),TSE:8954,Japan (Primary),Office REITs,0.02139031350981722
KDX Realty Investment Corporation (TSE:8972),TSE:8972,Japan (Primary),Diversified REITs,0.02119538017437196
Mitsui Fudosan Accommodations Fund Inc. (TSE:3226),TSE:3226,Japan (Primary),Multi-Family Residential REITs,0.02066457523460847
NTT UD REIT Investment Corporation (TSE:8956),TSE:8956,Japan (Primary),Diversified REITs,0.019559820487721306
RioCan Real Estate Investment Trust (TSX:REI.UN),TSX:REI.UN,United States and Canada (Primary),Retail REITs,0.0189830951437069
Killam Apartment REIT (TSX:KMP.UN),TSX:KMP.UN,United States and Canada (Primary),Multi-Family Residential REITs,0.016978721659872124
Mori Hills REIT Investment Corporation (TSE:3234),TSE:3234,Japan (Primary),Office REITs,0.016829029882189473
"Hulic Reit, Inc. (TSE:3295)",TSE:3295,Japan (Primary),Diversified REITs,0.016563251446779566
Japan Metropolitan Fund Investment Corporation (TSE:8953),TSE:8953,Japan (Primary),Retail REITs,0.015111020421143855
"Heiwa Real Estate REIT, Inc. (TSE:8966)",TSE:8966,Japan (Primary),Diversified REITs,0.01419123079618933
Advance Residence Investment Corporation (TSE:3269),TSE:3269,Japan (Primary),Multi-Family Residential REITs,0.013735931270547197
"Nippon Prologis REIT, Inc. (TSE:3283)",TSE:3283,Japan (Primary),Industrial REITs,0.013466927594960893
Activia Properties Inc. (TSE:3279),TSE:3279,Japan (Primary),Diversified REITs,0.00964669991077043
Fukuoka REIT Corporation (TSE:8968),TSE:8968,Japan (Primary),Retail REITs,0.009065889334288502
GLP J-REIT (TSE:3281),TSE:3281,Japan (Primary),Industrial REITs,0.008137015515876036
Japan Real Estate Investment Corporation (TSE:8952),TSE:8952,Japan (Primary),Office REITs,0.00692019812174782
